Comunidades y ciudades autónomas de residencia;Sexo;Edad;Total
Andalucía;Ambos sexos;Todas las edades;640
Andalucía;Ambos sexos;Menores de 15 años;0
Andalucía;Ambos sexos;De 15 a 29 años;46
Andalucía;Ambos sexos;De 30 a 39 años;78
Andalucía;Ambos sexos;De 40 a 44 años;69
Andalucía;Ambos sexos;De 45 a 49 años;74
Andalucía;Ambos sexos;De 50 a 54 años;75
Andalucía;Ambos sexos;De 55 a 59 años;51
Andalucía;Ambos sexos;De 60 a 64 años;58
Andalucía;Ambos sexos;De 65 a 69 años;41
Andalucía;Ambos sexos;De 70 a 74 años;45
Andalucía;Ambos sexos;De 75 a 79 años;43
Andalucía;Ambos sexos;De 80 a 84 años;33
Andalucía;Ambos sexos;De 85 a 89 años;15
Andalucía;Ambos sexos;De 90 a 94 años;11
Andalucía;Ambos sexos;De 95 años y más;1
Andalucía;Hombres;Todas las edades;478
Andalucía;Hombres;Menores de 15 años;0
Andalucía;Hombres;De 15 a 29 años;37
Andalucía;Hombres;De 30 a 39 años;59
Andalucía;Hombres;De 40 a 44 años;54
Andalucía;Hombres;De 45 a 49 años;60
Andalucía;Hombres;De 50 a 54 años;56
Andalucía;Hombres;De 55 a 59 años;33
Andalucía;Hombres;De 60 a 64 años;42
Andalucía;Hombres;De 65 a 69 años;29
Andalucía;Hombres;De 70 a 74 años;32
Andalucía;Hombres;De 75 a 79 años;29
Andalucía;Hombres;De 80 a 84 años;24
Andalucía;Hombres;De 85 a 89 años;13
Andalucía;Hombres;De 90 a 94 años;9
Andalucía;Hombres;De 95 años y más;1
Andalucía;Mujeres;Todas las edades;162
Andalucía;Mujeres;Menores de 15 años;0
Andalucía;Mujeres;De 15 a 29 años;9
Andalucía;Mujeres;De 30 a 39 años;19
Andalucía;Mujeres;De 40 a 44 años;15
Andalucía;Mujeres;De 45 a 49 años;14
Andalucía;Mujeres;De 50 a 54 años;19
Andalucía;Mujeres;De 55 a 59 años;18
Andalucía;Mujeres;De 60 a 64 años;16
Andalucía;Mujeres;De 65 a 69 años;12
Andalucía;Mujeres;De 70 a 74 años;13
Andalucía;Mujeres;De 75 a 79 años;14
Andalucía;Mujeres;De 80 a 84 años;9
Andalucía;Mujeres;De 85 a 89 años;2
Andalucía;Mujeres;De 90 a 94 años;2
Andalucía;Mujeres;De 95 años y más;0
Aragón;Ambos sexos;Todas las edades;109
Aragón;Ambos sexos;Menores de 15 años;0
Aragón;Ambos sexos;De 15 a 29 años;11
Aragón;Ambos sexos;De 30 a 39 años;11
Aragón;Ambos sexos;De 40 a 44 años;14
Aragón;Ambos sexos;De 45 a 49 años;11
Aragón;Ambos sexos;De 50 a 54 años;6
Aragón;Ambos sexos;De 55 a 59 años;11
Aragón;Ambos sexos;De 60 a 64 años;6
Aragón;Ambos sexos;De 65 a 69 años;11
Aragón;Ambos sexos;De 70 a 74 años;5
Aragón;Ambos sexos;De 75 a 79 años;7
Aragón;Ambos sexos;De 80 a 84 años;8
Aragón;Ambos sexos;De 85 a 89 años;6
Aragón;Ambos sexos;De 90 a 94 años;2
Aragón;Ambos sexos;De 95 años y más;0
Aragón;Hombres;Todas las edades;81
Aragón;Hombres;Menores de 15 años;0
Aragón;Hombres;De 15 a 29 años;8
Aragón;Hombres;De 30 a 39 años;7
Aragón;Hombres;De 40 a 44 años;10
Aragón;Hombres;De 45 a 49 años;10
Aragón;Hombres;De 50 a 54 años;6
Aragón;Hombres;De 55 a 59 años;8
Aragón;Hombres;De 60 a 64 años;4
Aragón;Hombres;De 65 a 69 años;9
Aragón;Hombres;De 70 a 74 años;1
Aragón;Hombres;De 75 a 79 años;5
Aragón;Hombres;De 80 a 84 años;8
Aragón;Hombres;De 85 a 89 años;3
Aragón;Hombres;De 90 a 94 años;2
Aragón;Hombres;De 95 años y más;0
Aragón;Mujeres;Todas las edades;28
Aragón;Mujeres;Menores de 15 años;0
Aragón;Mujeres;De 15 a 29 años;3
Aragón;Mujeres;De 30 a 39 años;4
Aragón;Mujeres;De 40 a 44 años;4
Aragón;Mujeres;De 45 a 49 años;1
Aragón;Mujeres;De 50 a 54 años;0
Aragón;Mujeres;De 55 a 59 años;3
Aragón;Mujeres;De 60 a 64 años;2
Aragón;Mujeres;De 65 a 69 años;2
Aragón;Mujeres;De 70 a 74 años;4
Aragón;Mujeres;De 75 a 79 años;2
Aragón;Mujeres;De 80 a 84 años;0
Aragón;Mujeres;De 85 a 89 años;3
Aragón;Mujeres;De 90 a 94 años;0
Aragón;Mujeres;De 95 años y más;0
Asturias, Principado de;Ambos sexos;Todas las edades;128
Asturias, Principado de;Ambos sexos;Menores de 15 años;0
Asturias, Principado de;Ambos sexos;De 15 a 29 años;7
Asturias, Principado de;Ambos sexos;De 30 a 39 años;12
Asturias, Principado de;Ambos sexos;De 40 a 44 años;7
Asturias, Principado de;Ambos sexos;De 45 a 49 años;12
Asturias, Principado de;Ambos sexos;De 50 a 54 años;14
Asturias, Principado de;Ambos sexos;De 55 a 59 años;14
Asturias, Principado de;Ambos sexos;De 60 a 64 años;8
Asturias, Principado de;Ambos sexos;De 65 a 69 años;5
Asturias, Principado de;Ambos sexos;De 70 a 74 años;7
Asturias, Principado de;Ambos sexos;De 75 a 79 años;11
Asturias, Principado de;Ambos sexos;De 80 a 84 años;10
Asturias, Principado de;Ambos sexos;De 85 a 89 años;9
Asturias, Principado de;Ambos sexos;De 90 a 94 años;10
Asturias, Principado de;Ambos sexos;De 95 años y más;2
Asturias, Principado de;Hombres;Todas las edades;97
Asturias, Principado de;Hombres;Menores de 15 años;0
Asturias, Principado de;Hombres;De 15 a 29 años;6
Asturias, Principado de;Hombres;De 30 a 39 años;8
Asturias, Principado de;Hombres;De 40 a 44 años;4
Asturias, Principado de;Hombres;De 45 a 49 años;11
Asturias, Principado de;Hombres;De 50 a 54 años;11
Asturias, Principado de;Hombres;De 55 a 59 años;10
Asturias, Principado de;Hombres;De 60 a 64 años;4
Asturias, Principado de;Hombres;De 65 a 69 años;5
Asturias, Principado de;Hombres;De 70 a 74 años;6
Asturias, Principado de;Hombres;De 75 a 79 años;7
Asturias, Principado de;Hombres;De 80 a 84 años;9
Asturias, Principado de;Hombres;De 85 a 89 años;6
Asturias, Principado de;Hombres;De 90 a 94 años;8
Asturias, Principado de;Hombres;De 95 años y más;2
Asturias, Principado de;Mujeres;Todas las edades;31
Asturias, Principado de;Mujeres;Menores de 15 años;0
Asturias, Principado de;Mujeres;De 15 a 29 años;1
Asturias, Principado de;Mujeres;De 30 a 39 años;4
Asturias, Principado de;Mujeres;De 40 a 44 años;3
Asturias, Principado de;Mujeres;De 45 a 49 años;1
Asturias, Principado de;Mujeres;De 50 a 54 años;3
Asturias, Principado de;Mujeres;De 55 a 59 años;4
Asturias, Principado de;Mujeres;De 60 a 64 años;4
Asturias, Principado de;Mujeres;De 65 a 69 años;0
Asturias, Principado de;Mujeres;De 70 a 74 años;1
Asturias, Principado de;Mujeres;De 75 a 79 años;4
Asturias, Principado de;Mujeres;De 80 a 84 años;1
Asturias, Principado de;Mujeres;De 85 a 89 años;3
Asturias, Principado de;Mujeres;De 90 a 94 años;2
Asturias, Principado de;Mujeres;De 95 años y más;0
Balears, Illes;Ambos sexos;Todas las edades;97
Balears, Illes;Ambos sexos;Menores de 15 años;1
Balears, Illes;Ambos sexos;De 15 a 29 años;8
Balears, Illes;Ambos sexos;De 30 a 39 años;13
Balears, Illes;Ambos sexos;De 40 a 44 años;11
Balears, Illes;Ambos sexos;De 45 a 49 años;13
Balears, Illes;Ambos sexos;De 50 a 54 años;13
Balears, Illes;Ambos sexos;De 55 a 59 años;9
Balears, Illes;Ambos sexos;De 60 a 64 años;5
Balears, Illes;Ambos sexos;De 65 a 69 años;5
Balears, Illes;Ambos sexos;De 70 a 74 años;4
Balears, Illes;Ambos sexos;De 75 a 79 años;8
Balears, Illes;Ambos sexos;De 80 a 84 años;6
Balears, Illes;Ambos sexos;De 85 a 89 años;0
Balears, Illes;Ambos sexos;De 90 a 94 años;1
Balears, Illes;Ambos sexos;De 95 años y más;0
Balears, Illes;Hombres;Todas las edades;71
Balears, Illes;Hombres;Menores de 15 años;1
Balears, Illes;Hombres;De 15 a 29 años;7
Balears, Illes;Hombres;De 30 a 39 años;11
Balears, Illes;Hombres;De 40 a 44 años;9
Balears, Illes;Hombres;De 45 a 49 años;11
Balears, Illes;Hombres;De 50 a 54 años;8
Balears, Illes;Hombres;De 55 a 59 años;7
Balears, Illes;Hombres;De 60 a 64 años;2
Balears, Illes;Hombres;De 65 a 69 años;2
Balears, Illes;Hombres;De 70 a 74 años;1
Balears, Illes;Hombres;De 75 a 79 años;6
Balears, Illes;Hombres;De 80 a 84 años;5
Balears, Illes;Hombres;De 85 a 89 años;0
Balears, Illes;Hombres;De 90 a 94 años;1
Balears, Illes;Hombres;De 95 años y más;0
Balears, Illes;Mujeres;Todas las edades;26
Balears, Illes;Mujeres;Menores de 15 años;0
Balears, Illes;Mujeres;De 15 a 29 años;1
Balears, Illes;Mujeres;De 30 a 39 años;2
Balears, Illes;Mujeres;De 40 a 44 años;2
Balears, Illes;Mujeres;De 45 a 49 años;2
Balears, Illes;Mujeres;De 50 a 54 años;5
Balears, Illes;Mujeres;De 55 a 59 años;2
Balears, Illes;Mujeres;De 60 a 64 años;3
Balears, Illes;Mujeres;De 65 a 69 años;3
Balears, Illes;Mujeres;De 70 a 74 años;3
Balears, Illes;Mujeres;De 75 a 79 años;2
Balears, Illes;Mujeres;De 80 a 84 años;1
Balears, Illes;Mujeres;De 85 a 89 años;0
Balears, Illes;Mujeres;De 90 a 94 años;0
Balears, Illes;Mujeres;De 95 años y más;0
Canarias;Ambos sexos;Todas las edades;197
Canarias;Ambos sexos;Menores de 15 años;0
Canarias;Ambos sexos;De 15 a 29 años;20
Canarias;Ambos sexos;De 30 a 39 años;14
Canarias;Ambos sexos;De 40 a 44 años;28
Canarias;Ambos sexos;De 45 a 49 años;18
Canarias;Ambos sexos;De 50 a 54 años;21
Canarias;Ambos sexos;De 55 a 59 años;26
Canarias;Ambos sexos;De 60 a 64 años;24
Canarias;Ambos sexos;De 65 a 69 años;9
Canarias;Ambos sexos;De 70 a 74 años;9
Canarias;Ambos sexos;De 75 a 79 años;11
Canarias;Ambos sexos;De 80 a 84 años;7
Canarias;Ambos sexos;De 85 a 89 años;7
Canarias;Ambos sexos;De 90 a 94 años;2
Canarias;Ambos sexos;De 95 años y más;1
Canarias;Hombres;Todas las edades;165
Canarias;Hombres;Menores de 15 años;0
Canarias;Hombres;De 15 a 29 años;18
Canarias;Hombres;De 30 a 39 años;11
Canarias;Hombres;De 40 a 44 años;22
Canarias;Hombres;De 45 a 49 años;17
Canarias;Hombres;De 50 a 54 años;16
Canarias;Hombres;De 55 a 59 años;22
Canarias;Hombres;De 60 a 64 años;18
Canarias;Hombres;De 65 a 69 años;9
Canarias;Hombres;De 70 a 74 años;8
Canarias;Hombres;De 75 a 79 años;10
Canarias;Hombres;De 80 a 84 años;7
Canarias;Hombres;De 85 a 89 años;6
Canarias;Hombres;De 90 a 94 años;1
Canarias;Hombres;De 95 años y más;0
Canarias;Mujeres;Todas las edades;32
Canarias;Mujeres;Menores de 15 años;0
Canarias;Mujeres;De 15 a 29 años;2
Canarias;Mujeres;De 30 a 39 años;3
Canarias;Mujeres;De 40 a 44 años;6
Canarias;Mujeres;De 45 a 49 años;1
Canarias;Mujeres;De 50 a 54 años;5
Canarias;Mujeres;De 55 a 59 años;4
Canarias;Mujeres;De 60 a 64 años;6
Canarias;Mujeres;De 65 a 69 años;0
Canarias;Mujeres;De 70 a 74 años;1
Canarias;Mujeres;De 75 a 79 años;1
Canarias;Mujeres;De 80 a 84 años;0
Canarias;Mujeres;De 85 a 89 años;1
Canarias;Mujeres;De 90 a 94 años;1
Canarias;Mujeres;De 95 años y más;1
Cantabria;Ambos sexos;Todas las edades;36
Cantabria;Ambos sexos;Menores de 15 años;1
Cantabria;Ambos sexos;De 15 a 29 años;4
Cantabria;Ambos sexos;De 30 a 39 años;4
Cantabria;Ambos sexos;De 40 a 44 años;0
Cantabria;Ambos sexos;De 45 a 49 años;1
Cantabria;Ambos sexos;De 50 a 54 años;9
Cantabria;Ambos sexos;De 55 a 59 años;5
Cantabria;Ambos sexos;De 60 a 64 años;3
Cantabria;Ambos sexos;De 65 a 69 años;3
Cantabria;Ambos sexos;De 70 a 74 años;4
Cantabria;Ambos sexos;De 75 a 79 años;0
Cantabria;Ambos sexos;De 80 a 84 años;2
Cantabria;Ambos sexos;De 85 a 89 años;0
Cantabria;Ambos sexos;De 90 a 94 años;0
Cantabria;Ambos sexos;De 95 años y más;0
Cantabria;Hombres;Todas las edades;25
Cantabria;Hombres;Menores de 15 años;0
Cantabria;Hombres;De 15 a 29 años;2
Cantabria;Hombres;De 30 a 39 años;4
Cantabria;Hombres;De 40 a 44 años;0
Cantabria;Hombres;De 45 a 49 años;0
Cantabria;Hombres;De 50 a 54 años;5
Cantabria;Hombres;De 55 a 59 años;3
Cantabria;Hombres;De 60 a 64 años;3
Cantabria;Hombres;De 65 a 69 años;3
Cantabria;Hombres;De 70 a 74 años;3
Cantabria;Hombres;De 75 a 79 años;0
Cantabria;Hombres;De 80 a 84 años;2
Cantabria;Hombres;De 85 a 89 años;0
Cantabria;Hombres;De 90 a 94 años;0
Cantabria;Hombres;De 95 años y más;0
Cantabria;Mujeres;Todas las edades;11
Cantabria;Mujeres;Menores de 15 años;1
Cantabria;Mujeres;De 15 a 29 años;2
Cantabria;Mujeres;De 30 a 39 años;0
Cantabria;Mujeres;De 40 a 44 años;0
Cantabria;Mujeres;De 45 a 49 años;1
Cantabria;Mujeres;De 50 a 54 años;4
Cantabria;Mujeres;De 55 a 59 años;2
Cantabria;Mujeres;De 60 a 64 años;0
Cantabria;Mujeres;De 65 a 69 años;0
Cantabria;Mujeres;De 70 a 74 años;1
Cantabria;Mujeres;De 75 a 79 años;0
Cantabria;Mujeres;De 80 a 84 años;0
Cantabria;Mujeres;De 85 a 89 años;0
Cantabria;Mujeres;De 90 a 94 años;0
Cantabria;Mujeres;De 95 años y más;0
Castilla y León;Ambos sexos;Todas las edades;218
Castilla y León;Ambos sexos;Menores de 15 años;0
Castilla y León;Ambos sexos;De 15 a 29 años;16
Castilla y León;Ambos sexos;De 30 a 39 años;18
Castilla y León;Ambos sexos;De 40 a 44 años;22
Castilla y León;Ambos sexos;De 45 a 49 años;17
Castilla y León;Ambos sexos;De 50 a 54 años;22
Castilla y León;Ambos sexos;De 55 a 59 años;24
Castilla y León;Ambos sexos;De 60 a 64 años;16
Castilla y León;Ambos sexos;De 65 a 69 años;13
Castilla y León;Ambos sexos;De 70 a 74 años;18
Castilla y León;Ambos sexos;De 75 a 79 años;8
Castilla y León;Ambos sexos;De 80 a 84 años;21
Castilla y León;Ambos sexos;De 85 a 89 años;12
Castilla y León;Ambos sexos;De 90 a 94 años;9
Castilla y León;Ambos sexos;De 95 años y más;2
Castilla y León;Hombres;Todas las edades;165
Castilla y León;Hombres;Menores de 15 años;0
Castilla y León;Hombres;De 15 a 29 años;10
Castilla y León;Hombres;De 30 a 39 años;14
Castilla y León;Hombres;De 40 a 44 años;14
Castilla y León;Hombres;De 45 a 49 años;13
Castilla y León;Hombres;De 50 a 54 años;15
Castilla y León;Hombres;De 55 a 59 años;21
Castilla y León;Hombres;De 60 a 64 años;8
Castilla y León;Hombres;De 65 a 69 años;12
Castilla y León;Hombres;De 70 a 74 años;15
Castilla y León;Hombres;De 75 a 79 años;5
Castilla y León;Hombres;De 80 a 84 años;18
Castilla y León;Hombres;De 85 a 89 años;10
Castilla y León;Hombres;De 90 a 94 años;8
Castilla y León;Hombres;De 95 años y más;2
Castilla y León;Mujeres;Todas las edades;53
Castilla y León;Mujeres;Menores de 15 años;0
Castilla y León;Mujeres;De 15 a 29 años;6
Castilla y León;Mujeres;De 30 a 39 años;4
Castilla y León;Mujeres;De 40 a 44 años;8
Castilla y León;Mujeres;De 45 a 49 años;4
Castilla y León;Mujeres;De 50 a 54 años;7
Castilla y León;Mujeres;De 55 a 59 años;3
Castilla y León;Mujeres;De 60 a 64 años;8
Castilla y León;Mujeres;De 65 a 69 años;1
Castilla y León;Mujeres;De 70 a 74 años;3
Castilla y León;Mujeres;De 75 a 79 años;3
Castilla y León;Mujeres;De 80 a 84 años;3
Castilla y León;Mujeres;De 85 a 89 años;2
Castilla y León;Mujeres;De 90 a 94 años;1
Castilla y León;Mujeres;De 95 años y más;0
Castilla-La Mancha;Ambos sexos;Todas las edades;152
Castilla-La Mancha;Ambos sexos;Menores de 15 años;0
Castilla-La Mancha;Ambos sexos;De 15 a 29 años;9
Castilla-La Mancha;Ambos sexos;De 30 a 39 años;17
Castilla-La Mancha;Ambos sexos;De 40 a 44 años;11
Castilla-La Mancha;Ambos sexos;De 45 a 49 años;17
Castilla-La Mancha;Ambos sexos;De 50 a 54 años;15
Castilla-La Mancha;Ambos sexos;De 55 a 59 años;15
Castilla-La Mancha;Ambos sexos;De 60 a 64 años;14
Castilla-La Mancha;Ambos sexos;De 65 a 69 años;10
Castilla-La Mancha;Ambos sexos;De 70 a 74 años;13
Castilla-La Mancha;Ambos sexos;De 75 a 79 años;11
Castilla-La Mancha;Ambos sexos;De 80 a 84 años;7
Castilla-La Mancha;Ambos sexos;De 85 a 89 años;9
Castilla-La Mancha;Ambos sexos;De 90 a 94 años;4
Castilla-La Mancha;Ambos sexos;De 95 años y más;0
Castilla-La Mancha;Hombres;Todas las edades;115
Castilla-La Mancha;Hombres;Menores de 15 años;0
Castilla-La Mancha;Hombres;De 15 a 29 años;8
Castilla-La Mancha;Hombres;De 30 a 39 años;10
Castilla-La Mancha;Hombres;De 40 a 44 años;7
Castilla-La Mancha;Hombres;De 45 a 49 años;13
Castilla-La Mancha;Hombres;De 50 a 54 años;14
Castilla-La Mancha;Hombres;De 55 a 59 años;11
Castilla-La Mancha;Hombres;De 60 a 64 años;11
Castilla-La Mancha;Hombres;De 65 a 69 años;7
Castilla-La Mancha;Hombres;De 70 a 74 años;10
Castilla-La Mancha;Hombres;De 75 a 79 años;8
Castilla-La Mancha;Hombres;De 80 a 84 años;5
Castilla-La Mancha;Hombres;De 85 a 89 años;7
Castilla-La Mancha;Hombres;De 90 a 94 años;4
Castilla-La Mancha;Hombres;De 95 años y más;0
Castilla-La Mancha;Mujeres;Todas las edades;37
Castilla-La Mancha;Mujeres;Menores de 15 años;0
Castilla-La Mancha;Mujeres;De 15 a 29 años;1
Castilla-La Mancha;Mujeres;De 30 a 39 años;7
Castilla-La Mancha;Mujeres;De 40 a 44 años;4
Castilla-La Mancha;Mujeres;De 45 a 49 años;4
Castilla-La Mancha;Mujeres;De 50 a 54 años;1
Castilla-La Mancha;Mujeres;De 55 a 59 años;4
Castilla-La Mancha;Mujeres;De 60 a 64 años;3
Castilla-La Mancha;Mujeres;De 65 a 69 años;3
Castilla-La Mancha;Mujeres;De 70 a 74 años;3
Castilla-La Mancha;Mujeres;De 75 a 79 años;3
Castilla-La Mancha;Mujeres;De 80 a 84 años;2
Castilla-La Mancha;Mujeres;De 85 a 89 años;2
Castilla-La Mancha;Mujeres;De 90 a 94 años;0
Castilla-La Mancha;Mujeres;De 95 años y más;0
Cataluña;Ambos sexos;Todas las edades;535
Cataluña;Ambos sexos;Menores de 15 años;2
Cataluña;Ambos sexos;De 15 a 29 años;52
Cataluña;Ambos sexos;De 30 a 39 años;68
Cataluña;Ambos sexos;De 40 a 44 años;49
Cataluña;Ambos sexos;De 45 a 49 años;58
Cataluña;Ambos sexos;De 50 a 54 años;71
Cataluña;Ambos sexos;De 55 a 59 años;35
Cataluña;Ambos sexos;De 60 a 64 años;42
Cataluña;Ambos sexos;De 65 a 69 años;34
Cataluña;Ambos sexos;De 70 a 74 años;27
Cataluña;Ambos sexos;De 75 a 79 años;27
Cataluña;Ambos sexos;De 80 a 84 años;28
Cataluña;Ambos sexos;De 85 a 89 años;20
Cataluña;Ambos sexos;De 90 a 94 años;17
Cataluña;Ambos sexos;De 95 años y más;5
Cataluña;Hombres;Todas las edades;380
Cataluña;Hombres;Menores de 15 años;0
Cataluña;Hombres;De 15 a 29 años;38
Cataluña;Hombres;De 30 a 39 años;47
Cataluña;Hombres;De 40 a 44 años;41
Cataluña;Hombres;De 45 a 49 años;44
Cataluña;Hombres;De 50 a 54 años;49
Cataluña;Hombres;De 55 a 59 años;24
Cataluña;Hombres;De 60 a 64 años;30
Cataluña;Hombres;De 65 a 69 años;20
Cataluña;Hombres;De 70 a 74 años;21
Cataluña;Hombres;De 75 a 79 años;19
Cataluña;Hombres;De 80 a 84 años;16
Cataluña;Hombres;De 85 a 89 años;15
Cataluña;Hombres;De 90 a 94 años;12
Cataluña;Hombres;De 95 años y más;4
Cataluña;Mujeres;Todas las edades;155
Cataluña;Mujeres;Menores de 15 años;2
Cataluña;Mujeres;De 15 a 29 años;14
Cataluña;Mujeres;De 30 a 39 años;21
Cataluña;Mujeres;De 40 a 44 años;8
Cataluña;Mujeres;De 45 a 49 años;14
Cataluña;Mujeres;De 50 a 54 años;22
Cataluña;Mujeres;De 55 a 59 años;11
Cataluña;Mujeres;De 60 a 64 años;12
Cataluña;Mujeres;De 65 a 69 años;14
Cataluña;Mujeres;De 70 a 74 años;6
Cataluña;Mujeres;De 75 a 79 años;8
Cataluña;Mujeres;De 80 a 84 años;12
Cataluña;Mujeres;De 85 a 89 años;5
Cataluña;Mujeres;De 90 a 94 años;5
Cataluña;Mujeres;De 95 años y más;1
Comunitat Valenciana;Ambos sexos;Todas las edades;450
Comunitat Valenciana;Ambos sexos;Menores de 15 años;1
Comunitat Valenciana;Ambos sexos;De 15 a 29 años;26
Comunitat Valenciana;Ambos sexos;De 30 a 39 años;40
Comunitat Valenciana;Ambos sexos;De 40 a 44 años;35
Comunitat Valenciana;Ambos sexos;De 45 a 49 años;48
Comunitat Valenciana;Ambos sexos;De 50 a 54 años;64
Comunitat Valenciana;Ambos sexos;De 55 a 59 años;45
Comunitat Valenciana;Ambos sexos;De 60 a 64 años;32
Comunitat Valenciana;Ambos sexos;De 65 a 69 años;29
Comunitat Valenciana;Ambos sexos;De 70 a 74 años;35
Comunitat Valenciana;Ambos sexos;De 75 a 79 años;25
Comunitat Valenciana;Ambos sexos;De 80 a 84 años;34
Comunitat Valenciana;Ambos sexos;De 85 a 89 años;27
Comunitat Valenciana;Ambos sexos;De 90 a 94 años;9
Comunitat Valenciana;Ambos sexos;De 95 años y más;0
Comunitat Valenciana;Hombres;Todas las edades;348
Comunitat Valenciana;Hombres;Menores de 15 años;1
Comunitat Valenciana;Hombres;De 15 a 29 años;20
Comunitat Valenciana;Hombres;De 30 a 39 años;31
Comunitat Valenciana;Hombres;De 40 a 44 años;26
Comunitat Valenciana;Hombres;De 45 a 49 años;40
Comunitat Valenciana;Hombres;De 50 a 54 años;51
Comunitat Valenciana;Hombres;De 55 a 59 años;33
Comunitat Valenciana;Hombres;De 60 a 64 años;25
Comunitat Valenciana;Hombres;De 65 a 69 años;23
Comunitat Valenciana;Hombres;De 70 a 74 años;26
Comunitat Valenciana;Hombres;De 75 a 79 años;17
Comunitat Valenciana;Hombres;De 80 a 84 años;27
Comunitat Valenciana;Hombres;De 85 a 89 años;22
Comunitat Valenciana;Hombres;De 90 a 94 años;6
Comunitat Valenciana;Hombres;De 95 años y más;0
Comunitat Valenciana;Mujeres;Todas las edades;102
Comunitat Valenciana;Mujeres;Menores de 15 años;0
Comunitat Valenciana;Mujeres;De 15 a 29 años;6
Comunitat Valenciana;Mujeres;De 30 a 39 años;9
Comunitat Valenciana;Mujeres;De 40 a 44 años;9
Comunitat Valenciana;Mujeres;De 45 a 49 años;8
Comunitat Valenciana;Mujeres;De 50 a 54 años;13
Comunitat Valenciana;Mujeres;De 55 a 59 años;12
Comunitat Valenciana;Mujeres;De 60 a 64 años;7
Comunitat Valenciana;Mujeres;De 65 a 69 años;6
Comunitat Valenciana;Mujeres;De 70 a 74 años;9
Comunitat Valenciana;Mujeres;De 75 a 79 años;8
Comunitat Valenciana;Mujeres;De 80 a 84 años;7
Comunitat Valenciana;Mujeres;De 85 a 89 años;5
Comunitat Valenciana;Mujeres;De 90 a 94 años;3
Comunitat Valenciana;Mujeres;De 95 años y más;0
Extremadura;Ambos sexos;Todas las edades;79
Extremadura;Ambos sexos;Menores de 15 años;0
Extremadura;Ambos sexos;De 15 a 29 años;7
Extremadura;Ambos sexos;De 30 a 39 años;12
Extremadura;Ambos sexos;De 40 a 44 años;6
Extremadura;Ambos sexos;De 45 a 49 años;5
Extremadura;Ambos sexos;De 50 a 54 años;12
Extremadura;Ambos sexos;De 55 a 59 años;9
Extremadura;Ambos sexos;De 60 a 64 años;6
Extremadura;Ambos sexos;De 65 a 69 años;3
Extremadura;Ambos sexos;De 70 a 74 años;6
Extremadura;Ambos sexos;De 75 a 79 años;6
Extremadura;Ambos sexos;De 80 a 84 años;2
Extremadura;Ambos sexos;De 85 a 89 años;3
Extremadura;Ambos sexos;De 90 a 94 años;1
Extremadura;Ambos sexos;De 95 años y más;1
Extremadura;Hombres;Todas las edades;68
Extremadura;Hombres;Menores de 15 años;0
Extremadura;Hombres;De 15 a 29 años;6
Extremadura;Hombres;De 30 a 39 años;11
Extremadura;Hombres;De 40 a 44 años;5
Extremadura;Hombres;De 45 a 49 años;3
Extremadura;Hombres;De 50 a 54 años;10
Extremadura;Hombres;De 55 a 59 años;9
Extremadura;Hombres;De 60 a 64 años;5
Extremadura;Hombres;De 65 a 69 años;2
Extremadura;Hombres;De 70 a 74 años;6
Extremadura;Hombres;De 75 a 79 años;4
Extremadura;Hombres;De 80 a 84 años;2
Extremadura;Hombres;De 85 a 89 años;3
Extremadura;Hombres;De 90 a 94 años;1
Extremadura;Hombres;De 95 años y más;1
Extremadura;Mujeres;Todas las edades;11
Extremadura;Mujeres;Menores de 15 años;0
Extremadura;Mujeres;De 15 a 29 años;1
Extremadura;Mujeres;De 30 a 39 años;1
Extremadura;Mujeres;De 40 a 44 años;1
Extremadura;Mujeres;De 45 a 49 años;2
Extremadura;Mujeres;De 50 a 54 años;2
Extremadura;Mujeres;De 55 a 59 años;0
Extremadura;Mujeres;De 60 a 64 años;1
Extremadura;Mujeres;De 65 a 69 años;1
Extremadura;Mujeres;De 70 a 74 años;0
Extremadura;Mujeres;De 75 a 79 años;2
Extremadura;Mujeres;De 80 a 84 años;0
Extremadura;Mujeres;De 85 a 89 años;0
Extremadura;Mujeres;De 90 a 94 años;0
Extremadura;Mujeres;De 95 años y más;0
Galicia;Ambos sexos;Todas las edades;292
Galicia;Ambos sexos;Menores de 15 años;0
Galicia;Ambos sexos;De 15 a 29 años;17
Galicia;Ambos sexos;De 30 a 39 años;30
Galicia;Ambos sexos;De 40 a 44 años;20
Galicia;Ambos sexos;De 45 a 49 años;29
Galicia;Ambos sexos;De 50 a 54 años;25
Galicia;Ambos sexos;De 55 a 59 años;39
Galicia;Ambos sexos;De 60 a 64 años;18
Galicia;Ambos sexos;De 65 a 69 años;25
Galicia;Ambos sexos;De 70 a 74 años;20
Galicia;Ambos sexos;De 75 a 79 años;21
Galicia;Ambos sexos;De 80 a 84 años;22
Galicia;Ambos sexos;De 85 a 89 años;15
Galicia;Ambos sexos;De 90 a 94 años;8
Galicia;Ambos sexos;De 95 años y más;3
Galicia;Hombres;Todas las edades;220
Galicia;Hombres;Menores de 15 años;0
Galicia;Hombres;De 15 a 29 años;9
Galicia;Hombres;De 30 a 39 años;25
Galicia;Hombres;De 40 a 44 años;14
Galicia;Hombres;De 45 a 49 años;20
Galicia;Hombres;De 50 a 54 años;18
Galicia;Hombres;De 55 a 59 años;31
Galicia;Hombres;De 60 a 64 años;14
Galicia;Hombres;De 65 a 69 años;20
Galicia;Hombres;De 70 a 74 años;14
Galicia;Hombres;De 75 a 79 años;20
Galicia;Hombres;De 80 a 84 años;15
Galicia;Hombres;De 85 a 89 años;12
Galicia;Hombres;De 90 a 94 años;5
Galicia;Hombres;De 95 años y más;3
Galicia;Mujeres;Todas las edades;72
Galicia;Mujeres;Menores de 15 años;0
Galicia;Mujeres;De 15 a 29 años;8
Galicia;Mujeres;De 30 a 39 años;5
Galicia;Mujeres;De 40 a 44 años;6
Galicia;Mujeres;De 45 a 49 años;9
Galicia;Mujeres;De 50 a 54 años;7
Galicia;Mujeres;De 55 a 59 años;8
Galicia;Mujeres;De 60 a 64 años;4
Galicia;Mujeres;De 65 a 69 años;5
Galicia;Mujeres;De 70 a 74 años;6
Galicia;Mujeres;De 75 a 79 años;1
Galicia;Mujeres;De 80 a 84 años;7
Galicia;Mujeres;De 85 a 89 años;3
Galicia;Mujeres;De 90 a 94 años;3
Galicia;Mujeres;De 95 años y más;0
Madrid, Comunidad de;Ambos sexos;Todas las edades;350
Madrid, Comunidad de;Ambos sexos;Menores de 15 años;0
Madrid, Comunidad de;Ambos sexos;De 15 a 29 años;39
Madrid, Comunidad de;Ambos sexos;De 30 a 39 años;48
Madrid, Comunidad de;Ambos sexos;De 40 a 44 años;33
Madrid, Comunidad de;Ambos sexos;De 45 a 49 años;37
Madrid, Comunidad de;Ambos sexos;De 50 a 54 años;36
Madrid, Comunidad de;Ambos sexos;De 55 a 59 años;33
Madrid, Comunidad de;Ambos sexos;De 60 a 64 años;27
Madrid, Comunidad de;Ambos sexos;De 65 a 69 años;19
Madrid, Comunidad de;Ambos sexos;De 70 a 74 años;20
Madrid, Comunidad de;Ambos sexos;De 75 a 79 años;26
Madrid, Comunidad de;Ambos sexos;De 80 a 84 años;12
Madrid, Comunidad de;Ambos sexos;De 85 a 89 años;16
Madrid, Comunidad de;Ambos sexos;De 90 a 94 años;4
Madrid, Comunidad de;Ambos sexos;De 95 años y más;0
Madrid, Comunidad de;Hombres;Todas las edades;245
Madrid, Comunidad de;Hombres;Menores de 15 años;0
Madrid, Comunidad de;Hombres;De 15 a 29 años;29
Madrid, Comunidad de;Hombres;De 30 a 39 años;37
Madrid, Comunidad de;Hombres;De 40 a 44 años;27
Madrid, Comunidad de;Hombres;De 45 a 49 años;28
Madrid, Comunidad de;Hombres;De 50 a 54 años;20
Madrid, Comunidad de;Hombres;De 55 a 59 años;21
Madrid, Comunidad de;Hombres;De 60 a 64 años;16
Madrid, Comunidad de;Hombres;De 65 a 69 años;11
Madrid, Comunidad de;Hombres;De 70 a 74 años;14
Madrid, Comunidad de;Hombres;De 75 a 79 años;19
Madrid, Comunidad de;Hombres;De 80 a 84 años;7
Madrid, Comunidad de;Hombres;De 85 a 89 años;13
Madrid, Comunidad de;Hombres;De 90 a 94 años;3
Madrid, Comunidad de;Hombres;De 95 años y más;0
Madrid, Comunidad de;Mujeres;Todas las edades;105
Madrid, Comunidad de;Mujeres;Menores de 15 años;0
Madrid, Comunidad de;Mujeres;De 15 a 29 años;10
Madrid, Comunidad de;Mujeres;De 30 a 39 años;11
Madrid, Comunidad de;Mujeres;De 40 a 44 años;6
Madrid, Comunidad de;Mujeres;De 45 a 49 años;9
Madrid, Comunidad de;Mujeres;De 50 a 54 años;16
Madrid, Comunidad de;Mujeres;De 55 a 59 años;12
Madrid, Comunidad de;Mujeres;De 60 a 64 años;11
Madrid, Comunidad de;Mujeres;De 65 a 69 años;8
Madrid, Comunidad de;Mujeres;De 70 a 74 años;6
Madrid, Comunidad de;Mujeres;De 75 a 79 años;7
Madrid, Comunidad de;Mujeres;De 80 a 84 años;5
Madrid, Comunidad de;Mujeres;De 85 a 89 años;3
Madrid, Comunidad de;Mujeres;De 90 a 94 años;1
Madrid, Comunidad de;Mujeres;De 95 años y más;0
Murcia, Región de;Ambos sexos;Todas las edades;125
Murcia, Región de;Ambos sexos;Menores de 15 años;1
Murcia, Región de;Ambos sexos;De 15 a 29 años;12
Murcia, Región de;Ambos sexos;De 30 a 39 años;19
Murcia, Región de;Ambos sexos;De 40 a 44 años;17
Murcia, Región de;Ambos sexos;De 45 a 49 años;20
Murcia, Región de;Ambos sexos;De 50 a 54 años;11
Murcia, Región de;Ambos sexos;De 55 a 59 años;9
Murcia, Región de;Ambos sexos;De 60 a 64 años;7
Murcia, Región de;Ambos sexos;De 65 a 69 años;7
Murcia, Región de;Ambos sexos;De 70 a 74 años;2
Murcia, Región de;Ambos sexos;De 75 a 79 años;9
Murcia, Región de;Ambos sexos;De 80 a 84 años;6
Murcia, Región de;Ambos sexos;De 85 a 89 años;4
Murcia, Región de;Ambos sexos;De 90 a 94 años;1
Murcia, Región de;Ambos sexos;De 95 años y más;0
Murcia, Región de;Hombres;Todas las edades;101
Murcia, Región de;Hombres;Menores de 15 años;1
Murcia, Región de;Hombres;De 15 a 29 años;11
Murcia, Región de;Hombres;De 30 a 39 años;16
Murcia, Región de;Hombres;De 40 a 44 años;13
Murcia, Región de;Hombres;De 45 a 49 años;16
Murcia, Región de;Hombres;De 50 a 54 años;9
Murcia, Región de;Hombres;De 55 a 59 años;8
Murcia, Región de;Hombres;De 60 a 64 años;4
Murcia, Región de;Hombres;De 65 a 69 años;5
Murcia, Región de;Hombres;De 70 a 74 años;0
Murcia, Región de;Hombres;De 75 a 79 años;9
Murcia, Región de;Hombres;De 80 a 84 años;5
Murcia, Región de;Hombres;De 85 a 89 años;3
Murcia, Región de;Hombres;De 90 a 94 años;1
Murcia, Región de;Hombres;De 95 años y más;0
Murcia, Región de;Mujeres;Todas las edades;24
Murcia, Región de;Mujeres;Menores de 15 años;0
Murcia, Región de;Mujeres;De 15 a 29 años;1
Murcia, Región de;Mujeres;De 30 a 39 años;3
Murcia, Región de;Mujeres;De 40 a 44 años;4
Murcia, Región de;Mujeres;De 45 a 49 años;4
Murcia, Región de;Mujeres;De 50 a 54 años;2
Murcia, Región de;Mujeres;De 55 a 59 años;1
Murcia, Región de;Mujeres;De 60 a 64 años;3
Murcia, Región de;Mujeres;De 65 a 69 años;2
Murcia, Región de;Mujeres;De 70 a 74 años;2
Murcia, Región de;Mujeres;De 75 a 79 años;0
Murcia, Región de;Mujeres;De 80 a 84 años;1
Murcia, Región de;Mujeres;De 85 a 89 años;1
Murcia, Región de;Mujeres;De 90 a 94 años;0
Murcia, Región de;Mujeres;De 95 años y más;0
Navarra, Comunidad Foral de;Ambos sexos;Todas las edades;46
Navarra, Comunidad Foral de;Ambos sexos;Menores de 15 años;0
Navarra, Comunidad Foral de;Ambos sexos;De 15 a 29 años;8
Navarra, Comunidad Foral de;Ambos sexos;De 30 a 39 años;3
Navarra, Comunidad Foral de;Ambos sexos;De 40 a 44 años;8
Navarra, Comunidad Foral de;Ambos sexos;De 45 a 49 años;8
Navarra, Comunidad Foral de;Ambos sexos;De 50 a 54 años;3
Navarra, Comunidad Foral de;Ambos sexos;De 55 a 59 años;0
Navarra, Comunidad Foral de;Ambos sexos;De 60 a 64 años;1
Navarra, Comunidad Foral de;Ambos sexos;De 65 a 69 años;3
Navarra, Comunidad Foral de;Ambos sexos;De 70 a 74 años;2
Navarra, Comunidad Foral de;Ambos sexos;De 75 a 79 años;5
Navarra, Comunidad Foral de;Ambos sexos;De 80 a 84 años;3
Navarra, Comunidad Foral de;Ambos sexos;De 85 a 89 años;2
Navarra, Comunidad Foral de;Ambos sexos;De 90 a 94 años;0
Navarra, Comunidad Foral de;Ambos sexos;De 95 años y más;0
Navarra, Comunidad Foral de;Hombres;Todas las edades;34
Navarra, Comunidad Foral de;Hombres;Menores de 15 años;0
Navarra, Comunidad Foral de;Hombres;De 15 a 29 años;5
Navarra, Comunidad Foral de;Hombres;De 30 a 39 años;2
Navarra, Comunidad Foral de;Hombres;De 40 a 44 años;6
Navarra, Comunidad Foral de;Hombres;De 45 a 49 años;6
Navarra, Comunidad Foral de;Hombres;De 50 a 54 años;2
Navarra, Comunidad Foral de;Hombres;De 55 a 59 años;0
Navarra, Comunidad Foral de;Hombres;De 60 a 64 años;1
Navarra, Comunidad Foral de;Hombres;De 65 a 69 años;3
Navarra, Comunidad Foral de;Hombres;De 70 a 74 años;1
Navarra, Comunidad Foral de;Hombres;De 75 a 79 años;3
Navarra, Comunidad Foral de;Hombres;De 80 a 84 años;3
Navarra, Comunidad Foral de;Hombres;De 85 a 89 años;2
Navarra, Comunidad Foral de;Hombres;De 90 a 94 años;0
Navarra, Comunidad Foral de;Hombres;De 95 años y más;0
Navarra, Comunidad Foral de;Mujeres;Todas las edades;12
Navarra, Comunidad Foral de;Mujeres;Menores de 15 años;0
Navarra, Comunidad Foral de;Mujeres;De 15 a 29 años;3
Navarra, Comunidad Foral de;Mujeres;De 30 a 39 años;1
Navarra, Comunidad Foral de;Mujeres;De 40 a 44 años;2
Navarra, Comunidad Foral de;Mujeres;De 45 a 49 años;2
Navarra, Comunidad Foral de;Mujeres;De 50 a 54 años;1
Navarra, Comunidad Foral de;Mujeres;De 55 a 59 años;0
Navarra, Comunidad Foral de;Mujeres;De 60 a 64 años;0
Navarra, Comunidad Foral de;Mujeres;De 65 a 69 años;0
Navarra, Comunidad Foral de;Mujeres;De 70 a 74 años;1
Navarra, Comunidad Foral de;Mujeres;De 75 a 79 años;2
Navarra, Comunidad Foral de;Mujeres;De 80 a 84 años;0
Navarra, Comunidad Foral de;Mujeres;De 85 a 89 años;0
Navarra, Comunidad Foral de;Mujeres;De 90 a 94 años;0
Navarra, Comunidad Foral de;Mujeres;De 95 años y más;0
País Vasco;Ambos sexos;Todas las edades;137
País Vasco;Ambos sexos;Menores de 15 años;1
País Vasco;Ambos sexos;De 15 a 29 años;11
País Vasco;Ambos sexos;De 30 a 39 años;15
País Vasco;Ambos sexos;De 40 a 44 años;8
País Vasco;Ambos sexos;De 45 a 49 años;14
País Vasco;Ambos sexos;De 50 a 54 años;11
País Vasco;Ambos sexos;De 55 a 59 años;18
País Vasco;Ambos sexos;De 60 a 64 años;13
País Vasco;Ambos sexos;De 65 a 69 años;8
País Vasco;Ambos sexos;De 70 a 74 años;17
País Vasco;Ambos sexos;De 75 a 79 años;9
País Vasco;Ambos sexos;De 80 a 84 años;8
País Vasco;Ambos sexos;De 85 a 89 años;3
País Vasco;Ambos sexos;De 90 a 94 años;1
País Vasco;Ambos sexos;De 95 años y más;0
País Vasco;Hombres;Todas las edades;111
País Vasco;Hombres;Menores de 15 años;1
País Vasco;Hombres;De 15 a 29 años;8
País Vasco;Hombres;De 30 a 39 años;12
País Vasco;Hombres;De 40 a 44 años;7
País Vasco;Hombres;De 45 a 49 años;13
País Vasco;Hombres;De 50 a 54 años;8
País Vasco;Hombres;De 55 a 59 años;13
País Vasco;Hombres;De 60 a 64 años;9
País Vasco;Hombres;De 65 a 69 años;7
País Vasco;Hombres;De 70 a 74 años;15
País Vasco;Hombres;De 75 a 79 años;9
País Vasco;Hombres;De 80 a 84 años;5
País Vasco;Hombres;De 85 a 89 años;3
País Vasco;Hombres;De 90 a 94 años;1
País Vasco;Hombres;De 95 años y más;0
País Vasco;Mujeres;Todas las edades;26
País Vasco;Mujeres;Menores de 15 años;0
País Vasco;Mujeres;De 15 a 29 años;3
País Vasco;Mujeres;De 30 a 39 años;3
País Vasco;Mujeres;De 40 a 44 años;1
País Vasco;Mujeres;De 45 a 49 años;1
País Vasco;Mujeres;De 50 a 54 años;3
País Vasco;Mujeres;De 55 a 59 años;5
País Vasco;Mujeres;De 60 a 64 años;4
País Vasco;Mujeres;De 65 a 69 años;1
País Vasco;Mujeres;De 70 a 74 años;2
País Vasco;Mujeres;De 75 a 79 años;0
País Vasco;Mujeres;De 80 a 84 años;3
País Vasco;Mujeres;De 85 a 89 años;0
País Vasco;Mujeres;De 90 a 94 años;0
País Vasco;Mujeres;De 95 años y más;0
Rioja, La;Ambos sexos;Todas las edades;29
Rioja, La;Ambos sexos;Menores de 15 años;0
Rioja, La;Ambos sexos;De 15 a 29 años;2
Rioja, La;Ambos sexos;De 30 a 39 años;4
Rioja, La;Ambos sexos;De 40 a 44 años;1
Rioja, La;Ambos sexos;De 45 a 49 años;4
Rioja, La;Ambos sexos;De 50 a 54 años;0
Rioja, La;Ambos sexos;De 55 a 59 años;4
Rioja, La;Ambos sexos;De 60 a 64 años;2
Rioja, La;Ambos sexos;De 65 a 69 años;2
Rioja, La;Ambos sexos;De 70 a 74 años;5
Rioja, La;Ambos sexos;De 75 a 79 años;0
Rioja, La;Ambos sexos;De 80 a 84 años;4
Rioja, La;Ambos sexos;De 85 a 89 años;0
Rioja, La;Ambos sexos;De 90 a 94 años;1
Rioja, La;Ambos sexos;De 95 años y más;0
Rioja, La;Hombres;Todas las edades;20
Rioja, La;Hombres;Menores de 15 años;0
Rioja, La;Hombres;De 15 a 29 años;1
Rioja, La;Hombres;De 30 a 39 años;3
Rioja, La;Hombres;De 40 a 44 años;1
Rioja, La;Hombres;De 45 a 49 años;2
Rioja, La;Hombres;De 50 a 54 años;0
Rioja, La;Hombres;De 55 a 59 años;3
Rioja, La;Hombres;De 60 a 64 años;0
Rioja, La;Hombres;De 65 a 69 años;1
Rioja, La;Hombres;De 70 a 74 años;4
Rioja, La;Hombres;De 75 a 79 años;0
Rioja, La;Hombres;De 80 a 84 años;4
Rioja, La;Hombres;De 85 a 89 años;0
Rioja, La;Hombres;De 90 a 94 años;1
Rioja, La;Hombres;De 95 años y más;0
Rioja, La;Mujeres;Todas las edades;9
Rioja, La;Mujeres;Menores de 15 años;0
Rioja, La;Mujeres;De 15 a 29 años;1
Rioja, La;Mujeres;De 30 a 39 años;1
Rioja, La;Mujeres;De 40 a 44 años;0
Rioja, La;Mujeres;De 45 a 49 años;2
Rioja, La;Mujeres;De 50 a 54 años;0
Rioja, La;Mujeres;De 55 a 59 años;1
Rioja, La;Mujeres;De 60 a 64 años;2
Rioja, La;Mujeres;De 65 a 69 años;1
Rioja, La;Mujeres;De 70 a 74 años;1
Rioja, La;Mujeres;De 75 a 79 años;0
Rioja, La;Mujeres;De 80 a 84 años;0
Rioja, La;Mujeres;De 85 a 89 años;0
Rioja, La;Mujeres;De 90 a 94 años;0
Rioja, La;Mujeres;De 95 años y más;0
Ceuta;Ambos sexos;Todas las edades;4
Ceuta;Ambos sexos;Menores de 15 años;0
Ceuta;Ambos sexos;De 15 a 29 años;1
Ceuta;Ambos sexos;De 30 a 39 años;1
Ceuta;Ambos sexos;De 40 a 44 años;0
Ceuta;Ambos sexos;De 45 a 49 años;0
Ceuta;Ambos sexos;De 50 a 54 años;0
Ceuta;Ambos sexos;De 55 a 59 años;1
Ceuta;Ambos sexos;De 60 a 64 años;1
Ceuta;Ambos sexos;De 65 a 69 años;0
Ceuta;Ambos sexos;De 70 a 74 años;0
Ceuta;Ambos sexos;De 75 a 79 años;0
Ceuta;Ambos sexos;De 80 a 84 años;0
Ceuta;Ambos sexos;De 85 a 89 años;0
Ceuta;Ambos sexos;De 90 a 94 años;0
Ceuta;Ambos sexos;De 95 años y más;0
Ceuta;Hombres;Todas las edades;4
Ceuta;Hombres;Menores de 15 años;0
Ceuta;Hombres;De 15 a 29 años;1
Ceuta;Hombres;De 30 a 39 años;1
Ceuta;Hombres;De 40 a 44 años;0
Ceuta;Hombres;De 45 a 49 años;0
Ceuta;Hombres;De 50 a 54 años;0
Ceuta;Hombres;De 55 a 59 años;1
Ceuta;Hombres;De 60 a 64 años;1
Ceuta;Hombres;De 65 a 69 años;0
Ceuta;Hombres;De 70 a 74 años;0
Ceuta;Hombres;De 75 a 79 años;0
Ceuta;Hombres;De 80 a 84 años;0
Ceuta;Hombres;De 85 a 89 años;0
Ceuta;Hombres;De 90 a 94 años;0
Ceuta;Hombres;De 95 años y más;0
Ceuta;Mujeres;Todas las edades;0
Ceuta;Mujeres;Menores de 15 años;0
Ceuta;Mujeres;De 15 a 29 años;0
Ceuta;Mujeres;De 30 a 39 años;0
Ceuta;Mujeres;De 40 a 44 años;0
Ceuta;Mujeres;De 45 a 49 años;0
Ceuta;Mujeres;De 50 a 54 años;0
Ceuta;Mujeres;De 55 a 59 años;0
Ceuta;Mujeres;De 60 a 64 años;0
Ceuta;Mujeres;De 65 a 69 años;0
Ceuta;Mujeres;De 70 a 74 años;0
Ceuta;Mujeres;De 75 a 79 años;0
Ceuta;Mujeres;De 80 a 84 años;0
Ceuta;Mujeres;De 85 a 89 años;0
Ceuta;Mujeres;De 90 a 94 años;0
Ceuta;Mujeres;De 95 años y más;0
Melilla;Ambos sexos;Todas las edades;1
Melilla;Ambos sexos;Menores de 15 años;0
Melilla;Ambos sexos;De 15 a 29 años;0
Melilla;Ambos sexos;De 30 a 39 años;0
Melilla;Ambos sexos;De 40 a 44 años;0
Melilla;Ambos sexos;De 45 a 49 años;0
Melilla;Ambos sexos;De 50 a 54 años;0
Melilla;Ambos sexos;De 55 a 59 años;0
Melilla;Ambos sexos;De 60 a 64 años;1
Melilla;Ambos sexos;De 65 a 69 años;0
Melilla;Ambos sexos;De 70 a 74 años;0
Melilla;Ambos sexos;De 75 a 79 años;0
Melilla;Ambos sexos;De 80 a 84 años;0
Melilla;Ambos sexos;De 85 a 89 años;0
Melilla;Ambos sexos;De 90 a 94 años;0
Melilla;Ambos sexos;De 95 años y más;0
Melilla;Hombres;Todas las edades;1
Melilla;Hombres;Menores de 15 años;0
Melilla;Hombres;De 15 a 29 años;0
Melilla;Hombres;De 30 a 39 años;0
Melilla;Hombres;De 40 a 44 años;0
Melilla;Hombres;De 45 a 49 años;0
Melilla;Hombres;De 50 a 54 años;0
Melilla;Hombres;De 55 a 59 años;0
Melilla;Hombres;De 60 a 64 años;1
Melilla;Hombres;De 65 a 69 años;0
Melilla;Hombres;De 70 a 74 años;0
Melilla;Hombres;De 75 a 79 años;0
Melilla;Hombres;De 80 a 84 años;0
Melilla;Hombres;De 85 a 89 años;0
Melilla;Hombres;De 90 a 94 años;0
Melilla;Hombres;De 95 años y más;0
Melilla;Mujeres;Todas las edades;0
Melilla;Mujeres;Menores de 15 años;0
Melilla;Mujeres;De 15 a 29 años;0
Melilla;Mujeres;De 30 a 39 años;0
Melilla;Mujeres;De 40 a 44 años;0
Melilla;Mujeres;De 45 a 49 años;0
Melilla;Mujeres;De 50 a 54 años;0
Melilla;Mujeres;De 55 a 59 años;0
Melilla;Mujeres;De 60 a 64 años;0
Melilla;Mujeres;De 65 a 69 años;0
Melilla;Mujeres;De 70 a 74 años;0
Melilla;Mujeres;De 75 a 79 años;0
Melilla;Mujeres;De 80 a 84 años;0
Melilla;Mujeres;De 85 a 89 años;0
Melilla;Mujeres;De 90 a 94 años;0
Melilla;Mujeres;De 95 años y más;0